StudyTimeWeekly,ParentalSupport,Absences,Predicted_GPA
10.5,2,4,2.9575300941233356
5.0,1,10,2.2179798904644117
18.0,3,1,3.4654803421486595
12.0,2,3,2.992572819874383
7.5,1,6,2.2883577506256194
15.0,3,0,3.4131918532501055
3.5,1,12,2.244745005351206
20.0,2,2,3.3169158691666434
11.0,2,5,2.750466791551686
6.0,1,8,2.4187094251826364
9.5,3,3,3.4228674884159664
13.5,2,1,3.2493681829899246
8.0,1,9,2.258450131349175
17.0,3,0,3.446088426779553
4.0,1,11,2.035496395186758
16.5,2,2,3.3103149426777154
14.0,2,4,2.8308325676500727
5.5,1,7,2.39561835515303
19.0,3,1,3.6588487985729654
7.0,1,6,2.31206538633981
